event_id,start_utc,end_utc,start_eastern,end_eastern,duration_hours,mean_lmp,max_lmp,peak_utc,peak_eastern,mean_price_premium_vs_normal,max_price_premium_vs_normal,mean_load_mw,max_load_mw,mean_temp_c,min_temp_c,max_temp_c,sum_precip_1h_mm,max_wind_speed_ms,mean_hdd,mean_cdd
winter_cold_wave_001,2018-01-05 03:00:00+00:00,2018-01-05 11:00:00+00:00,2018-01-04 22:00:00-05:00,2018-01-05 06:00:00-05:00,9,274.1963705555556,367.293558,2018-01-05 11:00:00+00:00,2018-01-05 06:00:00-05:00,244.02616166666667,325.861574,18266.59277777778,19921.812,-9.172222222222222,-10.283333333333331,-7.766666666666667,-0.0666666666666665,6.95,27.47222222222222,0.0
winter_cold_wave_002,2018-01-13 09:00:00+00:00,2018-01-14 16:00:00+00:00,2018-01-13 04:00:00-05:00,2018-01-14 11:00:00-05:00,32,85.4943255,159.829252,2018-01-14 12:00:00+00:00,2018-01-14 07:00:00-05:00,50.731167765625,119.200062,13389.000406250001,17017.878,-1.3958333333333335,-8.133333333333335,10.283333333333331,-0.1666666666666666,8.85,19.695833333333333,0.0
winter_cold_wave_003,2018-01-17 18:00:00+00:00,2018-01-18 09:00:00+00:00,2018-01-17 13:00:00-05:00,2018-01-18 04:00:00-05:00,16,111.7370285625,143.011059,2018-01-17 23:00:00+00:00,2018-01-17 18:00:00-05:00,79.342348125,101.80379299999998,16489.10125,17712.907,-4.975,-7.05,-2.8833333333333333,0.08333333333333359,6.3500000000000005,23.275,0.0
winter_cold_wave_004,2018-01-24 10:00:00+00:00,2018-01-25 01:00:00+00:00,2018-01-24 05:00:00-05:00,2018-01-24 20:00:00-05:00,16,32.624311937499996,41.413996,2018-01-24 23:00:00+00:00,2018-01-24 18:00:00-05:00,-3.828017156250001,1.9162765000000022,11815.22475,13001.24,6.653125,4.266666666666667,8.716666666666667,0.0,5.583333333333333,11.646875000000001,0.0
winter_cold_wave_005,2018-01-29 18:00:00+00:00,2018-01-30 08:00:00+00:00,2018-01-29 13:00:00-05:00,2018-01-30 03:00:00-05:00,15,35.12047653333333,47.606986,2018-01-29 22:00:00+00:00,2018-01-29 17:00:00-05:00,2.466489366666667,7.128994999999996,12403.787066666666,13782.905,4.003333333333334,1.2833333333333332,5.916666666666667,2.7166666666666663,5.4,14.296666666666665,0.0
winter_cold_wave_006,2018-01-31 00:00:00+00:00,2018-01-31 12:00:00+00:00,2018-01-30 19:00:00-05:00,2018-01-31 07:00:00-05:00,13,62.120256307692316,111.560548,2018-01-31 11:00:00+00:00,2018-01-31 06:00:00-05:00,28.839730423076922,70.128564,15512.218846153846,17637.171,-4.561538461538462,-5.666666666666667,-1.85,0.0,6.533333333333334,22.861538461538466,0.0
winter_cold_wave_007,2018-02-02 15:00:00+00:00,2018-02-03 14:00:00+00:00,2018-02-02 10:00:00-05:00,2018-02-03 09:00:00-05:00,24,63.24379541666667,89.0403,2018-02-02 23:00:00+00:00,2018-02-02 18:00:00-05:00,34.569934958333334,52.1371805,14987.168666666666,17462.902,-4.575694444444444,-8.516666666666667,0.7333333333333334,-0.0499999999999999,8.666666666666666,22.875694444444445,0.0
winter_cold_wave_008,2018-02-12 15:00:00+00:00,2018-02-13 14:00:00+00:00,2018-02-12 10:00:00-05:00,2018-02-13 09:00:00-05:00,24,27.646901874999998,44.633097,2018-02-13 12:00:00+00:00,2018-02-13 07:00:00-05:00,-1.0269585833333343,6.329045499999999,11880.907833333333,14207.13,4.980555555555555,1.3833333333333335,9.083333333333334,1.3500000000000003,6.6000000000000005,13.319444444444445,0.0
winter_cold_wave_009,2018-02-17 00:00:00+00:00,2018-02-18 02:00:00+00:00,2018-02-16 19:00:00-05:00,2018-02-17 21:00:00-05:00,27,26.328103037037035,33.086552,2018-02-17 23:00:00+00:00,2018-02-17 18:00:00-05:00,-2.6643370370370376,1.747625499999998,11092.735296296296,13042.625,4.495185185185186,1.95,12.133333333333333,5.166666666666666,6.266666666666667,13.804814814814815,0.0
winter_cold_wave_010,2018-02-22 23:00:00+00:00,2018-02-23 19:00:00+00:00,2018-02-22 18:00:00-05:00,2018-02-23 14:00:00-05:00,21,25.443141857142855,32.724434,2018-02-22 23:00:00+00:00,2018-02-22 18:00:00-05:00,-3.288107190476192,0.2878294999999973,10220.294857142857,11566.826,7.86984126984127,6.116666666666667,12.6,0.17666666666666664,6.266666666666667,10.514285714285714,0.08412698412698408
winter_cold_wave_011,2018-02-27 00:00:00+00:00,2018-02-27 13:00:00+00:00,2018-02-26 19:00:00-05:00,2018-02-27 08:00:00-05:00,14,28.801385500000006,42.910441,2018-02-27 11:00:00+00:00,2018-02-27 06:00:00-05:00,0.2629973571428561,6.272759999999998,11182.417071428574,13268.553,4.171428571428572,1.5666666666666669,8.583333333333334,0.0,1.8,14.12857142857143,0.0
winter_cold_wave_012,2018-03-03 02:00:00+00:00,2018-03-03 07:00:00+00:00,2018-03-02 21:00:00-05:00,2018-03-03 02:00:00-05:00,6,29.135850833333336,34.936496,2018-03-03 02:00:00+00:00,2018-03-02 21:00:00-05:00,2.1097956666666673,3.1235055000000003,10611.117666666667,11443.05,4.6000000000000005,3.35,5.816666666666666,0.0,11.916666666666666,13.700000000000001,0.0
winter_cold_wave_013,2018-03-20 16:00:00+00:00,2018-03-21 06:00:00+00:00,2018-03-20 12:00:00-04:00,2018-03-21 02:00:00-04:00,15,48.4906248,78.538398,2018-03-20 23:00:00+00:00,2018-03-20 19:00:00-04:00,19.385232500000004,39.0235725,12911.86653333333,14064.793,2.099333333333333,0.75,3.883333333333333,5.949999999999998,6.8500000000000005,16.20066666666667,0.0
winter_cold_wave_014,2018-03-31 00:00:00+00:00,2018-03-31 16:00:00+00:00,2018-03-30 20:00:00-04:00,2018-03-31 12:00:00-04:00,17,26.85442958823529,34.00109,2018-03-31 12:00:00+00:00,2018-03-31 08:00:00-04:00,-4.216456441176472,0.39280499999999563,9014.143411764708,10292.419,7.68235294117647,3.333333333333333,11.966666666666669,-0.0166666666666666,6.866666666666667,10.61764705882353,0.0
winter_cold_wave_015,2018-12-04 03:00:00+00:00,2018-12-05 01:00:00+00:00,2018-12-03 22:00:00-05:00,2018-12-04 20:00:00-05:00,23,46.954132,69.929727,2018-12-04 22:00:00+00:00,2018-12-04 17:00:00-05:00,15.226110217391305,29.571533000000002,11603.729521739133,13585.997,6.16231884057971,4.233333333333333,8.633333333333333,-0.0166666666666666,5.55,12.137681159420291,0.0
winter_cold_wave_016,2018-12-22 06:00:00+00:00,2018-12-22 22:00:00+00:00,2018-12-22 01:00:00-05:00,2018-12-22 17:00:00-05:00,17,25.872412352941172,34.870661,2018-12-22 22:00:00+00:00,2018-12-22 17:00:00-05:00,-5.738467529411765,-3.1607540000000007,10167.918235294117,11562.381,8.950000000000001,7.783333333333334,10.716666666666669,0.05000000000000011,7.116666666666667,9.350000000000001,0.0
winter_cold_wave_017,2018-12-23 08:00:00+00:00,2018-12-23 13:00:00+00:00,2018-12-23 03:00:00-05:00,2018-12-23 08:00:00-05:00,6,25.65219983333333,29.117415,2018-12-23 13:00:00+00:00,2018-12-23 08:00:00-05:00,-7.221366333333333,-2.3335219999999985,12154.574833333334,13106.528,0.9444444444444446,0.1666666666666666,1.85,0.0,1.883333333333333,17.355555555555558,0.0
winter_cold_wave_018,2019-01-02 06:00:00+00:00,2019-01-02 22:00:00+00:00,2019-01-02 01:00:00-05:00,2019-01-02 17:00:00-05:00,17,28.407093352941175,39.547715,2019-01-02 22:00:00+00:00,2019-01-02 17:00:00-05:00,-5.41576361764706,-1.5743465000000043,11178.887235294116,12839.897,7.1647058823529415,5.65,8.516666666666667,-0.0166666666666666,3.516666666666666,11.13529411764706,0.0
winter_cold_wave_019,2019-01-07 14:00:00+00:00,2019-01-07 22:00:00+00:00,2019-01-07 09:00:00-05:00,2019-01-07 17:00:00-05:00,9,28.800617666666668,39.505684,2019-01-07 22:00:00+00:00,2019-01-07 17:00:00-05:00,-4.84253988888889,-1.010356999999999,12625.190444444444,13638.797,4.674074074074074,3.4,5.3,0.0,4.366666666666666,13.625925925925927,0.0
winter_cold_wave_020,2019-01-09 19:00:00+00:00,2019-01-10 18:00:00+00:00,2019-01-09 14:00:00-05:00,2019-01-10 13:00:00-05:00,24,31.265103874999998,47.593508,2019-01-10 12:00:00+00:00,2019-01-10 07:00:00-05:00,-2.783556958333334,3.4052409999999966,13288.294791666667,15949.155,1.5361111111111112,-1.7666666666666668,8.15,-0.2666666666666658,8.733333333333333,16.76388888888889,0.0
winter_cold_wave_021,2019-01-21 00:00:00+00:00,2019-01-21 20:00:00+00:00,2019-01-20 19:00:00-05:00,2019-01-21 15:00:00-05:00,21,70.72661633333334,107.212206,2019-01-21 13:00:00+00:00,2019-01-21 08:00:00-05:00,37.362939595238096,69.62195849999999,16604.19966666666,19076.845,-6.474603174603175,-9.516666666666667,-2.3166666666666664,0.0,8.233333333333334,24.774603174603175,0.0
winter_cold_wave_022,2019-01-25 02:00:00+00:00,2019-01-25 18:00:00+00:00,2019-01-24 21:00:00-05:00,2019-01-25 13:00:00-05:00,17,30.413058117647058,43.499906,2019-01-25 12:00:00+00:00,2019-01-25 07:00:00-05:00,-2.7244870588235304,2.916241999999997,12612.07582352941,15280.468,2.2,0.0999999999999999,5.183333333333334,-0.0166666666666666,5.766666666666667,16.099999999999998,0.0
winter_cold_wave_023,2019-01-30 23:00:00+00:00,2019-01-31 18:00:00+00:00,2019-01-30 18:00:00-05:00,2019-01-31 13:00:00-05:00,20,106.17850595000002,189.320518,2019-01-31 12:00:00+00:00,2019-01-31 07:00:00-05:00,72.075560475,140.638409,17136.198050000003,19930.461,-8.155,-11.4,-3.4166666666666665,0.0,6.0,26.455000000000002,0.0
winter_cold_wave_024,2019-02-09 03:00:00+00:00,2019-02-10 05:00:00+00:00,2019-02-08 22:00:00-05:00,2019-02-10 00:00:00-05:00,27,28.556084444444444,35.473064,2019-02-10 01:00:00+00:00,2019-02-09 20:00:00-05:00,0.37026709259259216,4.188702499999998,12233.69011111111,13956.843,1.2166666666666666,-2.5166666666666666,5.933333333333334,0.0,7.116666666666667,17.083333333333332,0.0
winter_cold_wave_025,2019-02-16 14:00:00+00:00,2019-02-17 12:00:00+00:00,2019-02-16 09:00:00-05:00,2019-02-17 07:00:00-05:00,23,24.82927830434783,30.355315,2019-02-16 23:00:00+00:00,2019-02-16 18:00:00-05:00,-3.610213347826088,-0.5009085000000013,12333.236782608696,13365.821,3.0442028985507252,-0.4666666666666667,6.566666666666666,2.6999999999999997,5.733333333333333,15.255797101449275,0.0
winter_cold_wave_026,2019-03-01 16:00:00+00:00,2019-03-01 21:00:00+00:00,2019-03-01 11:00:00-05:00,2019-03-01 16:00:00-05:00,6,34.44800133333333,40.477889,2019-03-01 16:00:00+00:00,2019-03-01 11:00:00-05:00,6.498052083333332,9.963731999999997,13425.904499999999,13640.657,3.1666666666666665,2.8666666666666667,3.35,1.15,4.2,15.133333333333335,0.0
winter_cold_wave_027,2019-03-16 07:00:00+00:00,2019-03-17 09:00:00+00:00,2019-03-16 03:00:00-04:00,2019-03-17 05:00:00-04:00,27,26.828598629629628,37.516971,2019-03-16 23:00:00+00:00,2019-03-16 19:00:00-04:00,-3.431570203703704,2.268532499999999,9396.837777777777,10436.716,8.909259259259258,3.4166666666666665,13.333333333333334,0.0,7.466666666666666,9.397530864197531,0.00679012345679011
winter_cold_wave_028,2019-03-26 13:00:00+00:00,2019-03-26 18:00:00+00:00,2019-03-26 09:00:00-04:00,2019-03-26 14:00:00-04:00,6,30.6565715,35.565132,2019-03-26 13:00:00+00:00,2019-03-26 09:00:00-04:00,0.2025099166666653,1.4674679999999967,10864.309333333333,11901.466,7.630555555555556,5.566666666666666,9.733333333333333,0.0,7.466666666666668,10.669444444444444,0.0
winter_cold_wave_029,2019-03-31 22:00:00+00:00,2019-04-01 03:00:00+00:00,2019-03-31 18:00:00-04:00,2019-03-31 23:00:00-04:00,6,34.44617349999999,47.303397,2019-04-01 00:00:00+00:00,2019-03-31 20:00:00-04:00,1.7361260000000012,10.032279999999993,10036.2555,10618.977,8.302777777777777,5.566666666666666,11.366666666666667,-0.0166666666666666,8.316666666666668,9.997222222222225,0.0
winter_cold_wave_030,2019-12-07 23:00:00+00:00,2019-12-08 09:00:00+00:00,2019-12-07 18:00:00-05:00,2019-12-08 04:00:00-05:00,11,24.563245727272726,29.748,2019-12-07 23:00:00+00:00,2019-12-07 18:00:00-05:00,-5.416282636363638,-3.338108000000002,12784.693363636365,13238.793,1.1060606060606057,-0.75,4.45,0.0,2.6,17.19393939393939,0.0
winter_cold_wave_031,2019-12-11 06:00:00+00:00,2019-12-12 04:00:00+00:00,2019-12-11 01:00:00-05:00,2019-12-11 23:00:00-05:00,23,30.71113156521739,49.628029,2019-12-11 22:00:00+00:00,2019-12-11 17:00:00-05:00,-1.2541993913043477,7.584468999999999,12501.007304347824,14330.04,3.2557971014492755,0.9166666666666669,6.2,3.5999999999999996,5.75,15.044202898550726,0.0
winter_cold_wave_032,2019-12-31 07:00:00+00:00,2019-12-31 16:00:00+00:00,2019-12-31 02:00:00-05:00,2019-12-31 11:00:00-05:00,10,15.955582312499999,16.485948375,2019-12-31 16:00:00+00:00,2019-12-31 11:00:00-05:00,-16.1689020875,-10.30925575,10068.1675,11049.85,7.763333333333334,7.033333333333334,9.466666666666669,0.0,3.0,10.536666666666665,0.0
winter_cold_wave_033,2020-01-05 08:00:00+00:00,2020-01-06 03:00:00+00:00,2020-01-05 03:00:00-05:00,2020-01-05 22:00:00-05:00,20,19.456508149999998,26.445216,2020-01-05 22:00:00+00:00,2020-01-05 17:00:00-05:00,-15.845288649999997,-10.409395,11536.373199999998,13146.81,5.232500000000001,2.4833333333333334,7.683333333333334,-0.0999999999999996,7.383333333333333,13.0675,0.0
winter_cold_wave_034,2020-01-13 02:00:00+00:00,2020-01-13 22:00:00+00:00,2020-01-12 21:00:00-05:00,2020-01-13 17:00:00-05:00,21,20.994568904761902,29.360245,2020-01-13 22:00:00+00:00,2020-01-13 17:00:00-05:00,-12.264822452380951,-9.330310500000003,10122.259714285716,11804.36,10.88095238095238,9.15,13.333333333333334,1.4333333333333333,2.4333333333333336,7.504761904761905,0.08571428571428566
winter_cold_wave_035,2020-01-17 04:00:00+00:00,2020-01-18 01:00:00+00:00,2020-01-16 23:00:00-05:00,2020-01-17 20:00:00-05:00,22,27.81452522727273,55.634937,2020-01-17 12:00:00+00:00,2020-01-17 07:00:00-05:00,-6.299542181818182,6.952828000000004,12948.827363636366,15043.11,2.097727272727273,-0.2,4.45,-0.0166666666666666,7.633333333333334,16.202272727272728,0.0
winter_cold_wave_036,2020-01-20 04:00:00+00:00,2020-01-20 18:00:00+00:00,2020-01-19 23:00:00-05:00,2020-01-20 13:00:00-05:00,15,27.207430933333335,35.688729,2020-01-20 12:00:00+00:00,2020-01-20 07:00:00-05:00,-5.904561799999999,-3.568075999999998,14204.899000000001,16093.045,-2.2111111111111104,-4.083333333333333,1.2166666666666666,0.0,6.6000000000000005,20.511111111111106,0.0
winter_cold_wave_037,2020-01-26 07:00:00+00:00,2020-01-26 13:00:00+00:00,2020-01-26 02:00:00-05:00,2020-01-26 08:00:00-05:00,7,16.717656285714284,19.499084,2020-01-26 13:00:00+00:00,2020-01-26 08:00:00-05:00,-18.239038214285717,-11.800239999999999,11367.781571428572,12420.897,3.3547619047619044,2.566666666666667,4.633333333333334,0.0,2.75,14.945238095238096,0.0
winter_cold_wave_038,2020-02-05 17:00:00+00:00,2020-02-06 13:00:00+00:00,2020-02-05 12:00:00-05:00,2020-02-06 08:00:00-05:00,21,20.627265952380952,26.381532,2020-02-05 23:00:00+00:00,2020-02-05 18:00:00-05:00,-7.938980166666666,-4.895282499999997,11326.225142857144,12703.169,5.927777777777778,4.733333333333333,10.183333333333334,6.283333333333333,5.05,12.385714285714286,0.013492063492063486
winter_cold_wave_039,2020-02-08 02:00:00+00:00,2020-02-08 14:00:00+00:00,2020-02-07 21:00:00-05:00,2020-02-08 09:00:00-05:00,13,22.475124923076926,28.056024,2020-02-08 12:00:00+00:00,2020-02-08 07:00:00-05:00,-5.580412153846154,-3.3294205000000012,12311.504615384618,13613.642,1.485897435897436,-0.2,3.7,0.0,6.933333333333333,16.814102564102566,0.0
winter_cold_wave_040,2020-02-12 19:00:00+00:00,2020-02-13 01:00:00+00:00,2020-02-12 14:00:00-05:00,2020-02-12 20:00:00-05:00,7,20.647669714285716,22.437365,2020-02-13 00:00:00+00:00,2020-02-12 19:00:00-05:00,-9.748947571428571,-6.375862999999999,12119.684,12741.09,7.640476190476191,6.383333333333333,8.966666666666667,0.8333333333333333,3.683333333333333,10.65952380952381,0.0
winter_cold_wave_041,2020-02-14 14:00:00+00:00,2020-02-15 15:00:00+00:00,2020-02-14 09:00:00-05:00,2020-02-15 10:00:00-05:00,26,24.330670846153847,30.854499,2020-02-14 23:00:00+00:00,2020-02-14 18:00:00-05:00,-4.4565131730769245,-1.1398544999999984,13200.251653846151,15499.326,-0.22884615384615392,-6.033333333333334,5.566666666666666,0.0,7.050000000000001,18.528846153846153,0.0
winter_cold_wave_042,2020-02-20 01:00:00+00:00,2020-02-20 11:00:00+00:00,2020-02-19 20:00:00-05:00,2020-02-20 06:00:00-05:00,11,21.14538690909091,28.390251,2020-02-20 11:00:00+00:00,2020-02-20 06:00:00-05:00,-5.519755454545455,-3.6814435000000003,12231.689545454547,14053.045,2.853030303030303,1.6666666666666667,5.666666666666667,0.0,2.583333333333333,15.446969696969695,0.0
winter_cold_wave_043,2020-02-27 13:00:00+00:00,2020-02-27 18:00:00+00:00,2020-02-27 08:00:00-05:00,2020-02-27 13:00:00-05:00,6,21.6972365,24.179986,2020-02-27 13:00:00+00:00,2020-02-27 08:00:00-05:00,-7.553709250000002,-6.027075,11812.923,12684.314,4.997222222222223,3.516666666666667,6.65,0.0,8.833333333333334,13.302777777777777,0.0
winter_cold_wave_044,2020-02-27 23:00:00+00:00,2020-02-28 07:00:00+00:00,2020-02-27 18:00:00-05:00,2020-02-28 02:00:00-05:00,9,22.153328333333334,27.571718,2020-02-27 23:00:00+00:00,2020-02-27 18:00:00-05:00,-5.711844055555557,-4.062459499999999,12807.22388888889,13669.469,2.1537037037037035,0.75,4.733333333333333,0.0,7.2,16.146296296296295,0.0
winter_cold_wave_045,2020-03-15 00:00:00+00:00,2020-03-15 05:00:00+00:00,2020-03-14 20:00:00-04:00,2020-03-15 01:00:00-04:00,6,17.924510166666668,21.173878,2020-03-15 00:00:00+00:00,2020-03-14 20:00:00-04:00,-11.215389583333332,-8.981132499999998,9601.709666666666,10403.068,8.977777777777778,7.333333333333333,10.75,1.7333333333333332,3.85,9.322222222222225,0.0
winter_cold_wave_046,2020-03-21 13:00:00+00:00,2020-03-22 12:00:00+00:00,2020-03-21 09:00:00-04:00,2020-03-22 08:00:00-04:00,24,16.77477383333333,20.197986,2020-03-21 23:00:00+00:00,2020-03-21 19:00:00-04:00,-13.899036958333335,-9.692441499999997,9488.240583333332,10487.282,9.820833333333333,6.1000000000000005,12.2,0.1400000000000001,6.166666666666667,8.483333333333334,0.00416666666666665
winter_cold_wave_047,2020-03-31 16:00:00+00:00,2020-04-01 03:00:00+00:00,2020-03-31 12:00:00-04:00,2020-03-31 23:00:00-04:00,12,19.488127583333334,21.878042,2020-03-31 23:00:00+00:00,2020-03-31 19:00:00-04:00,-10.653845583333334,-7.502254499999999,10537.864416666665,11220.754,9.35277777777778,7.316666666666666,11.583333333333334,9.216666666666665,5.916666666666667,8.947222222222223,0.0
winter_cold_wave_048,2020-12-01 11:00:00+00:00,2020-12-02 03:00:00+00:00,2020-12-01 06:00:00-05:00,2020-12-01 22:00:00-05:00,17,33.14253441176471,42.700082,2020-12-01 23:00:00+00:00,2020-12-01 18:00:00-05:00,-0.7158519999999994,5.071539000000001,12517.914411764705,13866.4,5.623529411764705,3.716666666666667,7.399999999999999,0.016666666666666607,7.133333333333334,12.676470588235293,0.0
winter_cold_wave_049,2020-12-14 14:00:00+00:00,2020-12-15 01:00:00+00:00,2020-12-14 09:00:00-05:00,2020-12-14 20:00:00-05:00,12,32.629428583333336,49.25601,2020-12-14 22:00:00+00:00,2020-12-14 17:00:00-05:00,-0.5631890833333326,7.212450000000004,13441.369250000002,14374.18,6.18611111111111,4.616666666666666,7.05,14.4,7.1000000000000005,12.113888888888889,0.0
winter_cold_wave_050,2020-12-15 07:00:00+00:00,2020-12-15 12:00:00+00:00,2020-12-15 02:00:00-05:00,2020-12-15 07:00:00-05:00,6,31.318468,55.425397,2020-12-15 12:00:00+00:00,2020-12-15 07:00:00-05:00,0.3765493333333332,13.684591999999995,13483.986333333332,15155.56,0.8861111111111111,0.1833333333333332,1.7666666666666666,0.0,4.116666666666666,17.41388888888889,0.0
winter_cold_wave_051,2020-12-23 06:00:00+00:00,2020-12-23 13:00:00+00:00,2020-12-23 01:00:00-05:00,2020-12-23 08:00:00-05:00,8,25.017541125,34.17185,2020-12-23 12:00:00+00:00,2020-12-23 07:00:00-05:00,-6.126310125000001,-4.027083000000001,13967.8265,15710.105,-0.6020833333333333,-1.4833333333333334,0.8333333333333334,0.0,1.7166666666666668,18.902083333333334,0.0
winter_cold_wave_052,2020-12-25 13:00:00+00:00,2020-12-26 13:00:00+00:00,2020-12-25 08:00:00-05:00,2020-12-26 08:00:00-05:00,25,30.610336040000004,47.375471,2020-12-26 12:00:00+00:00,2020-12-26 07:00:00-05:00,-1.3836294400000009,8.888522999999996,14168.5282,15937.386,-2.2540000000000004,-5.65,2.4166666666666665,-0.1666666666666663,7.3,20.554000000000002,0.0
winter_cold_wave_053,2020-12-29 20:00:00+00:00,2020-12-30 05:00:00+00:00,2020-12-29 15:00:00-05:00,2020-12-30 00:00:00-05:00,10,24.7067216,34.760636,2020-12-29 22:00:00+00:00,2020-12-29 17:00:00-05:00,-8.2392294,-6.0595479999999995,13856.0955,14741.779,2.6416666666666666,-0.0833333333333333,6.866666666666667,0.0,5.066666666666666,15.658333333333331,0.0
winter_cold_wave_054,2021-01-01 15:00:00+00:00,2021-01-02 00:00:00+00:00,2021-01-01 10:00:00-05:00,2021-01-01 19:00:00-05:00,10,21.901794700000004,24.055711,2021-01-01 22:00:00+00:00,2021-01-01 17:00:00-05:00,-12.847619499999999,-9.547945500000004,13306.926599999997,14031.281,3.6733333333333333,3.333333333333333,3.983333333333333,7.899999999999999,3.45,14.626666666666669,0.0
winter_cold_wave_055,2021-01-03 17:00:00+00:00,2021-01-03 22:00:00+00:00,2021-01-03 12:00:00-05:00,2021-01-03 17:00:00-05:00,6,22.673464166666665,26.729933,2021-01-03 22:00:00+00:00,2021-01-03 17:00:00-05:00,-10.287955166666668,-8.595028000000003,12402.921833333334,13163.317,6.944444444444444,6.666666666666667,7.316666666666666,0.49999999999999983,3.933333333333333,11.355555555555556,0.0
winter_cold_wave_056,2021-01-23 15:00:00+00:00,2021-01-24 00:00:00+00:00,2021-01-23 10:00:00-05:00,2021-01-23 19:00:00-05:00,10,26.5974575,33.921741,2021-01-23 22:00:00+00:00,2021-01-23 17:00:00-05:00,-8.1519567,-7.2653890000000025,13286.5376,14961.832,2.4116666666666666,-0.0833333333333333,3.883333333333333,-0.0166666666666666,7.550000000000001,15.888333333333332,0.0
winter_cold_wave_057,2021-02-17 08:00:00+00:00,2021-02-17 20:00:00+00:00,2021-02-17 03:00:00-05:00,2021-02-17 15:00:00-05:00,13,131.57772746153844,182.691385,2021-02-17 12:00:00+00:00,2021-02-17 07:00:00-05:00,102.49593961538463,144.3873335,14376.880307692307,16539.926,-0.9487179487179491,-3.216666666666667,2.883333333333333,0.0,5.066666666666666,19.24871794871795,0.0
winter_cold_wave_058,2021-02-26 01:00:00+00:00,2021-02-26 09:00:00+00:00,2021-02-25 20:00:00-05:00,2021-02-26 04:00:00-05:00,9,23.377505333333332,27.662798,2021-02-26 01:00:00+00:00,2021-02-25 20:00:00-05:00,-1.9818883333333348,-0.7923635000000004,11553.019666666667,12266.094,5.374074074074073,4.0,7.766666666666666,0.0,1.8166666666666669,12.925925925925926,0.0
winter_cold_wave_059,2021-03-02 07:00:00+00:00,2021-03-02 18:00:00+00:00,2021-03-02 02:00:00-05:00,2021-03-02 13:00:00-05:00,12,37.39416308333333,72.76525,2021-03-02 12:00:00+00:00,2021-03-02 07:00:00-05:00,5.604260666666664,29.992486999999997,12761.957333333334,14561.193,3.2513888888888887,0.9333333333333332,6.3,0.0,5.8500000000000005,15.048611111111114,0.0
winter_cold_wave_060,2021-03-05 08:00:00+00:00,2021-03-05 20:00:00+00:00,2021-03-05 03:00:00-05:00,2021-03-05 15:00:00-05:00,13,34.709203692307696,69.573319,2021-03-05 12:00:00+00:00,2021-03-05 07:00:00-05:00,3.1506973461538457,28.464315999999997,13264.198384615385,15127.622,2.1115384615384616,-1.8666666666666665,7.116666666666667,0.0,6.866666666666667,16.18846153846154,0.0
winter_cold_wave_061,2021-03-14 00:00:00+00:00,2021-03-14 11:00:00+00:00,2021-03-13 19:00:00-05:00,2021-03-14 07:00:00-04:00,12,22.822677249999998,27.288711,2021-03-14 00:00:00+00:00,2021-03-13 19:00:00-05:00,-8.707743375,-4.2438495,10548.153,11333.255,8.154166666666667,4.816666666666666,11.1,0.0,3.6833333333333336,10.145833333333334,0.0
winter_cold_wave_062,2021-03-15 14:00:00+00:00,2021-03-16 03:00:00+00:00,2021-03-15 10:00:00-04:00,2021-03-15 23:00:00-04:00,14,31.111513928571423,41.283128,2021-03-15 23:00:00+00:00,2021-03-15 19:00:00-04:00,0.7276741428571428,6.731276999999999,11736.143785714286,12705.544,6.764285714285714,4.433333333333334,8.416666666666666,0.10000000000000019,4.9,11.535714285714288,0.0
winter_cold_wave_063,2021-03-20 01:00:00+00:00,2021-03-20 09:00:00+00:00,2021-03-19 21:00:00-04:00,2021-03-20 05:00:00-04:00,9,29.585065888888884,34.250787,2021-03-20 01:00:00+00:00,2021-03-19 21:00:00-04:00,2.584018055555556,5.334632499999998,12179.510111111113,12795.368,3.783333333333333,1.2,5.65,0.0,4.783333333333333,14.516666666666667,0.0
winter_cold_wave_064,2021-03-29 09:00:00+00:00,2021-03-29 14:00:00+00:00,2021-03-29 05:00:00-04:00,2021-03-29 10:00:00-04:00,6,35.959317666666664,42.942708,2021-03-29 10:00:00+00:00,2021-03-29 06:00:00-04:00,-0.39780700000000085,2.557746999999999,10701.074166666665,11306.47,7.93888888888889,6.866666666666667,9.633333333333336,0.0,5.8500000000000005,10.361111111111112,0.0
winter_cold_wave_065,2021-12-04 00:00:00+00:00,2021-12-04 09:00:00+00:00,2021-12-03 19:00:00-05:00,2021-12-04 04:00:00-05:00,10,39.7074727,54.223548,2021-12-04 00:00:00+00:00,2021-12-03 19:00:00-05:00,10.545555799999999,18.698563999999998,11397.485499999999,12380.07,7.3566666666666665,5.283333333333333,10.183333333333334,0.0,1.9,10.943333333333333,0.0
winter_cold_wave_066,2021-12-07 10:00:00+00:00,2021-12-08 04:00:00+00:00,2021-12-07 05:00:00-05:00,2021-12-07 23:00:00-05:00,19,56.653464421052625,84.510355,2021-12-07 12:00:00+00:00,2021-12-07 07:00:00-05:00,23.465694842105265,42.76955,13292.202105263157,14605.02,4.1078947368421055,1.5666666666666669,7.333333333333333,0.0,3.8666666666666663,14.192105263157897,0.0
winter_cold_wave_067,2021-12-12 11:00:00+00:00,2021-12-13 11:00:00+00:00,2021-12-12 06:00:00-05:00,2021-12-13 06:00:00-05:00,25,41.683949000000005,72.587757,2021-12-13 11:00:00+00:00,2021-12-13 06:00:00-05:00,9.720134479999999,36.017174,12679.18096,15978.92,4.274666666666667,-1.85,10.116666666666667,-0.0166666666666666,5.483333333333333,14.025333333333332,0.0
winter_cold_wave_068,2021-12-19 17:00:00+00:00,2021-12-20 14:00:00+00:00,2021-12-19 12:00:00-05:00,2021-12-20 09:00:00-05:00,22,50.771253,108.256101,2021-12-20 12:00:00+00:00,2021-12-20 07:00:00-05:00,19.03496668181818,66.515296,13819.871772727272,16324.82,2.026515151515152,-2.6666666666666665,7.05,1.4666666666666666,6.783333333333334,16.27348484848485,0.0
winter_cold_wave_069,2021-12-27 01:00:00+00:00,2021-12-27 22:00:00+00:00,2021-12-26 20:00:00-05:00,2021-12-27 17:00:00-05:00,22,27.871785636363633,37.734549,2021-12-27 22:00:00+00:00,2021-12-27 17:00:00-05:00,-3.372583045454546,0.9827140000000014,11741.837681818184,13462.61,7.816666666666666,5.466666666666666,11.666666666666666,-0.1499999999999998,3.6,10.483333333333334,0.0
winter_cold_wave_070,2022-01-03 05:00:00+00:00,2022-01-04 13:00:00+00:00,2022-01-03 00:00:00-05:00,2022-01-04 08:00:00-05:00,33,49.32846224242425,96.434654,2022-01-04 12:00:00+00:00,2022-01-04 07:00:00-05:00,15.467905060606059,47.752545,14010.847606060606,16657.855,0.2860606060606061,-5.0,10.0,25.83,9.866666666666667,18.013939393939395,0.0
winter_cold_wave_071,2022-01-07 14:00:00+00:00,2022-01-08 09:00:00+00:00,2022-01-07 09:00:00-05:00,2022-01-08 04:00:00-05:00,20,89.63697669999999,120.281639,2022-01-07 22:00:00+00:00,2022-01-07 17:00:00-05:00,56.86499399999999,77.7807835,15560.003649999999,16795.892,-2.5016666666666674,-5.933333333333334,0.3666666666666666,-0.0333333333333332,7.033333333333334,20.801666666666666,0.0
winter_cold_wave_072,2022-01-10 22:00:00+00:00,2022-01-11 12:00:00+00:00,2022-01-10 17:00:00-05:00,2022-01-11 07:00:00-05:00,15,82.33302866666666,128.360718,2022-01-11 12:00:00+00:00,2022-01-11 07:00:00-05:00,47.909364800000006,79.678609,15571.9774,18270.313,-0.9822222222222223,-4.733333333333333,3.1666666666666665,0.0,6.6000000000000005,19.282222222222224,0.0
winter_cold_wave_073,2022-01-15 13:00:00+00:00,2022-01-16 08:00:00+00:00,2022-01-15 08:00:00-05:00,2022-01-16 03:00:00-05:00,20,78.03735765,92.529144,2022-01-15 22:00:00+00:00,2022-01-15 17:00:00-05:00,44.66436194999999,53.36479899999999,16013.67225,16991.284,-2.656666666666667,-5.833333333333333,-0.2833333333333332,0.0,5.216666666666666,20.956666666666663,0.0
winter_cold_wave_074,2022-01-20 19:00:00+00:00,2022-01-21 19:00:00+00:00,2022-01-20 14:00:00-05:00,2022-01-21 14:00:00-05:00,25,113.11302956000002,160.769961,2022-01-21 12:00:00+00:00,2022-01-21 07:00:00-05:00,79.23578891999999,112.087852,16609.060719999998,18870.125,-2.3760000000000003,-6.033333333333334,3.0500000000000003,1.35,6.266666666666667,20.676,0.0
winter_cold_wave_075,2022-01-26 15:00:00+00:00,2022-01-26 21:00:00+00:00,2022-01-26 10:00:00-05:00,2022-01-26 16:00:00-05:00,7,79.54329271428571,90.85122,2022-01-26 21:00:00+00:00,2022-01-26 16:00:00-05:00,47.510024785714286,58.028693,15067.199714285714,16142.285,0.5023809523809524,-1.3,1.5833333333333333,0.0,5.22,17.797619047619047,0.0
winter_cold_wave_076,2022-01-30 04:00:00+00:00,2022-01-30 09:00:00+00:00,2022-01-29 23:00:00-05:00,2022-01-30 04:00:00-05:00,6,157.90753133333337,166.123894,2022-01-30 08:00:00+00:00,2022-01-30 03:00:00-05:00,130.02882841666667,138.48868000000002,17647.214000000004,18062.963,-6.555555555555556,-7.616666666666667,-5.933333333333334,0.0,4.533333333333333,24.855555555555554,0.0
winter_cold_wave_077,2022-02-04 23:00:00+00:00,2022-02-05 22:00:00+00:00,2022-02-04 18:00:00-05:00,2022-02-05 17:00:00-05:00,24,67.30346854166666,106.062301,2022-02-05 22:00:00+00:00,2022-02-05 17:00:00-05:00,38.62960808333333,73.555023,13486.685875000001,15087.566,1.5506944444444446,-0.65,5.183333333333334,2.4,7.816666666666667,16.749305555555555,0.0
winter_cold_wave_078,2022-02-13 11:00:00+00:00,2022-02-14 09:00:00+00:00,2022-02-13 06:00:00-05:00,2022-02-14 04:00:00-05:00,23,54.95911239130436,76.136015,2022-02-13 23:00:00+00:00,2022-02-13 18:00:00-05:00,26.275272869565214,39.2328955,14396.564347826086,15633.68,0.6500000000000004,-2.033333333333333,2.8666666666666667,0.5333333333333334,5.566666666666666,17.65,0.0
winter_cold_wave_079,2022-02-18 16:00:00+00:00,2022-02-19 14:00:00+00:00,2022-02-18 11:00:00-05:00,2022-02-19 09:00:00-05:00,23,48.59413252173913,64.556271,2022-02-19 12:00:00+00:00,2022-02-19 07:00:00-05:00,19.95737160869565,26.538811000000003,12875.376043478262,15291.541,2.652173913043479,-3.0666666666666664,10.083333333333334,0.0,8.85,15.64782608695652,0.0
winter_cold_wave_080,2022-02-24 04:00:00+00:00,2022-02-25 06:00:00+00:00,2022-02-23 23:00:00-05:00,2022-02-25 01:00:00-05:00,27,65.39166055555555,82.879899,2022-02-24 23:00:00+00:00,2022-02-24 18:00:00-05:00,37.30149735185186,47.92491699999999,12914.473074074074,15217.802,4.046296296296297,1.4833333333333334,10.383333333333333,9.266666666666666,6.183333333333334,14.253703703703705,0.0
winter_cold_wave_081,2022-02-26 18:00:00+00:00,2022-02-26 23:00:00+00:00,2022-02-26 13:00:00-05:00,2022-02-26 18:00:00-05:00,6,45.8665495,57.128908,2022-02-26 23:00:00+00:00,2022-02-26 18:00:00-05:00,16.988976249999997,20.2257885,12852.409333333335,13740.888,5.622222222222223,4.9,6.116666666666667,0.0,2.85,12.677777777777779,0.0
winter_cold_wave_082,2022-03-04 08:00:00+00:00,2022-03-04 20:00:00+00:00,2022-03-04 03:00:00-05:00,2022-03-04 15:00:00-05:00,13,51.7305796923077,98.647809,2022-03-04 11:00:00+00:00,2022-03-04 06:00:00-05:00,20.172073346153844,58.26284799999999,12942.81423076923,15108.778,2.9884615384615385,-0.65,8.049999999999999,0.0,4.983333333333333,15.311538461538463,0.0
winter_cold_wave_083,2022-03-08 10:00:00+00:00,2022-03-09 05:00:00+00:00,2022-03-08 05:00:00-05:00,2022-03-09 00:00:00-05:00,20,53.06595455,76.162294,2022-03-08 12:00:00+00:00,2022-03-08 07:00:00-05:00,21.285827375,36.98548600000001,11238.983049999999,12511.608,9.652499999999998,7.066666666666666,12.866666666666667,1.4,7.2,8.647499999999999,0.0
winter_cold_wave_084,2022-03-12 15:00:00+00:00,2022-03-13 14:00:00+00:00,2022-03-12 10:00:00-05:00,2022-03-13 10:00:00-04:00,24,88.113428875,136.020016,2022-03-13 11:00:00+00:00,2022-03-13 07:00:00-04:00,57.08262339583333,93.247253,15746.729541666666,16950.335,-2.5722222222222224,-5.383333333333333,1.7666666666666666,1.2333333333333332,9.7,20.872222222222224,0.0
winter_cold_wave_085,2022-03-21 00:00:00+00:00,2022-03-21 07:00:00+00:00,2022-03-20 20:00:00-04:00,2022-03-21 03:00:00-04:00,8,37.56300725,53.843813,2022-03-21 00:00:00+00:00,2022-03-20 20:00:00-04:00,9.5152078125,16.572695999999993,10353.73525,11563.269,10.689583333333333,8.883333333333333,12.416666666666666,0.0,6.683333333333334,7.6104166666666675,0.0
winter_cold_wave_086,2022-03-23 17:00:00+00:00,2022-03-23 22:00:00+00:00,2022-03-23 13:00:00-04:00,2022-03-23 18:00:00-04:00,6,44.58402616666667,46.381886,2022-03-23 17:00:00+00:00,2022-03-23 13:00:00-04:00,16.508764333333335,18.268721,11741.269833333334,12065.015,12.755555555555555,12.516666666666666,13.066666666666668,5.55,4.783333333333333,5.669444444444445,0.1249999999999999
winter_cold_wave_087,2022-03-26 18:00:00+00:00,2022-03-27 00:00:00+00:00,2022-03-26 14:00:00-04:00,2022-03-26 20:00:00-04:00,7,52.601189142857145,70.031178,2022-03-26 23:00:00+00:00,2022-03-26 19:00:00-04:00,21.58342507142857,31.733897999999996,11178.663714285713,12294.563,8.954761904761906,7.5,9.55,0.016666666666666594,8.316666666666666,9.345238095238097,0.0
winter_cold_wave_088,2022-12-01 11:00:00+00:00,2022-12-02 05:00:00+00:00,2022-12-01 06:00:00-05:00,2022-12-02 00:00:00-05:00,19,99.42736336842107,164.819031,2022-12-01 12:00:00+00:00,2022-12-01 07:00:00-05:00,66.32158889473685,123.078226,14091.523157894737,15594.448,4.917543859649123,0.1999999999999999,8.6,0.0,4.966666666666667,13.382456140350877,0.0
winter_cold_wave_089,2022-12-04 11:00:00+00:00,2022-12-05 11:00:00+00:00,2022-12-04 06:00:00-05:00,2022-12-05 06:00:00-05:00,25,67.7072754,116.100007,2022-12-05 11:00:00+00:00,2022-12-05 06:00:00-05:00,35.74346088,79.529424,13813.514079999999,17179.529,3.3206666666666664,-2.5166666666666666,8.783333333333333,0.0,3.933333333333333,14.979333333333335,0.0
winter_cold_wave_090,2022-12-23 17:00:00+00:00,2022-12-24 17:00:00+00:00,2022-12-23 12:00:00-05:00,2022-12-24 12:00:00-05:00,25,305.5829502,500.00032,2022-12-24 11:00:00+00:00,2022-12-24 06:00:00-05:00,273.90140012,463.429737,19750.47,22189.221,-9.381333333333334,-13.433333333333332,-1.4666666666666668,0.0,11.916666666666666,27.68133333333333,0.0
winter_cold_wave_091,2023-01-14 01:00:00+00:00,2023-01-14 20:00:00+00:00,2023-01-13 20:00:00-05:00,2023-01-14 15:00:00-05:00,20,44.749691150000004,56.473235,2023-01-14 13:00:00+00:00,2023-01-14 08:00:00-05:00,11.695487825,15.947895500000001,14136.466400000001,15675.56,3.1508333333333334,2.033333333333333,5.2,0.0,8.216666666666667,15.149166666666664,0.0
winter_cold_wave_092,2023-01-21 05:00:00+00:00,2023-01-21 10:00:00+00:00,2023-01-21 00:00:00-05:00,2023-01-21 05:00:00-05:00,6,33.8747635,35.743392,2023-01-21 10:00:00+00:00,2023-01-21 05:00:00-05:00,5.609581083333334,6.362288500000002,12980.386666666665,13571.64,3.85,3.233333333333333,4.7,0.0,4.2,14.449999999999998,0.0
winter_cold_wave_093,2023-01-31 18:00:00+00:00,2023-01-31 23:00:00+00:00,2023-01-31 13:00:00-05:00,2023-01-31 18:00:00-05:00,6,44.2873995,50.692808,2023-01-31 23:00:00+00:00,2023-01-31 18:00:00-05:00,9.808913333333335,11.224978499999999,14689.539499999999,15346.074,6.102777777777778,5.066666666666666,7.2,0.4999999999999997,4.033333333333333,12.197222222222223,0.0
winter_cold_wave_094,2023-02-01 09:00:00+00:00,2023-02-01 14:00:00+00:00,2023-02-01 04:00:00-05:00,2023-02-01 09:00:00-05:00,6,44.068776500000006,52.190785,2023-02-01 12:00:00+00:00,2023-02-01 07:00:00-05:00,11.936934333333332,15.838932,15318.988833333331,16347.447,2.3416666666666663,2.033333333333333,2.583333333333333,1.7333333333333332,5.75,15.958333333333334,0.0
winter_cold_wave_095,2023-02-04 01:00:00+00:00,2023-02-04 16:00:00+00:00,2023-02-03 20:00:00-05:00,2023-02-04 11:00:00-05:00,16,137.321236,222.860055,2023-02-04 12:00:00+00:00,2023-02-04 07:00:00-05:00,108.9483333125,184.55600349999997,18031.7344375,19531.069,-5.889583333333334,-8.066666666666666,-2.8666666666666667,0.0,7.616666666666667,24.18958333333333,0.0
winter_cold_wave_096,2023-02-07 07:00:00+00:00,2023-02-07 15:00:00+00:00,2023-02-07 02:00:00-05:00,2023-02-07 10:00:00-05:00,9,30.622826999999997,44.330195,2023-02-07 12:00:00+00:00,2023-02-07 07:00:00-05:00,0.7195864999999999,6.026143500000003,15409.600666666665,17615.77,0.7703703703703705,-0.9166666666666666,5.1000000000000005,0.0,1.9,17.52962962962963,0.0
winter_cold_wave_097,2023-02-11 00:00:00+00:00,2023-02-11 21:00:00+00:00,2023-02-10 19:00:00-05:00,2023-02-11 16:00:00-05:00,22,25.83411531818182,32.958823,2023-02-11 00:00:00+00:00,2023-02-10 19:00:00-05:00,-2.29144165909091,-0.09229799999999955,11745.349227272727,12883.613,8.604545454545455,5.733333333333333,11.466666666666669,0.0,5.316666666666667,9.695454545454545,0.0
winter_cold_wave_098,2023-02-17 22:00:00+00:00,2023-02-18 19:00:00+00:00,2023-02-17 17:00:00-05:00,2023-02-18 14:00:00-05:00,22,31.63159445454546,47.44534,2023-02-17 23:00:00+00:00,2023-02-17 18:00:00-05:00,2.728707727272727,10.542220499999999,13537.493954545453,15412.152,2.7098484848484845,-1.6833333333333331,10.1,-0.0333333333333333,9.183333333333334,15.598484848484846,0.008333333333333318
winter_cold_wave_099,2023-02-24 23:00:00+00:00,2023-02-26 00:00:00+00:00,2023-02-24 18:00:00-05:00,2023-02-25 19:00:00-05:00,26,32.511126653846155,39.367271,2023-02-24 23:00:00+00:00,2023-02-24 18:00:00-05:00,3.321578807692307,7.239744999999999,12887.44323076923,14406.046,5.277564102564103,1.3833333333333335,11.766666666666666,2.9566666666666666,5.8,13.0224358974359,0.0
winter_cold_wave_100,2023-03-03 15:00:00+00:00,2023-03-04 01:00:00+00:00,2023-03-03 10:00:00-05:00,2023-03-03 20:00:00-05:00,11,33.867824545454546,36.12732,2023-03-03 15:00:00+00:00,2023-03-03 10:00:00-05:00,3.1319488636363633,6.6056954999999995,13840.300909090909,14204.21,7.331818181818182,6.666666666666667,8.15,5.176666666666666,4.866666666666666,10.96818181818182,0.0
winter_cold_wave_101,2023-03-08 07:00:00+00:00,2023-03-08 13:00:00+00:00,2023-03-08 02:00:00-05:00,2023-03-08 08:00:00-05:00,7,40.207083857142855,64.355706,2023-03-08 11:00:00+00:00,2023-03-08 06:00:00-05:00,7.955753142857142,23.970744999999994,13890.344857142858,15217.034,2.738095238095238,1.8500000000000003,4.066666666666667,0.0,6.683333333333334,15.561904761904762,0.0
winter_cold_wave_102,2023-03-18 23:00:00+00:00,2023-03-19 05:00:00+00:00,2023-03-18 19:00:00-04:00,2023-03-19 01:00:00-04:00,7,35.08181542857143,41.886143,2023-03-19 00:00:00+00:00,2023-03-18 20:00:00-04:00,4.459783428571429,5.4786445000000015,12201.237857142856,12627.898,7.8428571428571425,5.75,10.55,0.0,6.1,10.457142857142857,0.0
winter_cold_wave_103,2023-03-25 00:00:00+00:00,2023-03-25 14:00:00+00:00,2023-03-24 20:00:00-04:00,2023-03-25 10:00:00-04:00,15,23.466990000000003,33.529432,2023-03-25 00:00:00+00:00,2023-03-24 20:00:00-04:00,-7.766601033333333,-3.534981499999997,10855.085333333333,12009.647,9.243333333333332,8.049999999999999,11.0,4.066666666666666,4.633333333333334,9.056666666666667,0.0
winter_cold_wave_104,2023-12-05 00:00:00+00:00,2023-12-05 07:00:00+00:00,2023-12-04 19:00:00-05:00,2023-12-05 02:00:00-05:00,8,31.78040625,37.440168,2023-12-05 00:00:00+00:00,2023-12-04 19:00:00-05:00,1.9187072500000002,3.849969999999999,13344.047499999999,14210.24,7.010416666666666,4.433333333333334,9.35,0.0,2.65,11.289583333333335,0.0
winter_cold_wave_105,2023-12-11 05:00:00+00:00,2023-12-12 04:00:00+00:00,2023-12-11 00:00:00-05:00,2023-12-11 23:00:00-05:00,24,43.596549333333336,83.417384,2023-12-11 22:00:00+00:00,2023-12-11 17:00:00-05:00,11.8246835,41.373824,14334.478333333333,16138.46,4.902083333333334,1.75,8.333333333333334,12.066666666666666,6.6000000000000005,13.402083333333335,0.00416666666666665
winter_cold_wave_106,2023-12-19 02:00:00+00:00,2023-12-19 19:00:00+00:00,2023-12-18 21:00:00-05:00,2023-12-19 14:00:00-05:00,18,39.25039105555555,76.780297,2023-12-19 12:00:00+00:00,2023-12-19 07:00:00-05:00,8.798845055555555,35.039492,14473.24888888889,16726.47,3.9324074074074074,1.85,6.216666666666666,-0.11666666666666639,7.649999999999999,14.367592592592594,0.0
winter_cold_wave_107,2024-01-11 00:00:00+00:00,2024-01-11 13:00:00+00:00,2024-01-10 19:00:00-05:00,2024-01-11 08:00:00-05:00,14,34.53741421428571,61.308982,2024-01-11 12:00:00+00:00,2024-01-11 07:00:00-05:00,0.7394016428571432,12.626873000000003,15132.739642857141,17732.709,3.048809523809524,0.2666666666666667,6.583333333333333,0.0,3.683333333333333,15.251190476190477,0.0
winter_cold_wave_108,2024-01-14 02:00:00+00:00,2024-01-14 14:00:00+00:00,2024-01-13 21:00:00-05:00,2024-01-14 09:00:00-05:00,13,50.10300923076924,65.144254,2024-01-14 02:00:00+00:00,2024-01-13 21:00:00-05:00,16.894279423076924,30.224782000000005,14591.653846153846,15673.085,1.6820512820512818,0.4666666666666667,3.266666666666666,-0.0166666666666666,6.066666666666666,16.61794871794872,0.0
winter_cold_wave_109,2024-01-15 15:00:00+00:00,2024-01-15 21:00:00+00:00,2024-01-15 10:00:00-05:00,2024-01-15 16:00:00-05:00,7,141.53280742857143,166.321283,2024-01-15 15:00:00+00:00,2024-01-15 10:00:00-05:00,109.49953949999998,130.8460165,16735.772142857146,17132.929,0.3238095238095238,-0.4666666666666666,0.7333333333333334,1.1399999999999997,2.1666666666666665,17.976190476190474,0.0
winter_cold_wave_110,2024-01-17 05:00:00+00:00,2024-01-17 14:00:00+00:00,2024-01-17 00:00:00-05:00,2024-01-17 09:00:00-05:00,10,199.4177912,335.743432,2024-01-17 12:00:00+00:00,2024-01-17 07:00:00-05:00,165.7892698,287.061323,19924.977099999996,22028.498,-7.991666666666665,-8.983333333333333,-6.583333333333333,0.0,4.983333333333333,26.291666666666668,0.0
winter_cold_wave_111,2024-01-27 09:00:00+00:00,2024-01-27 15:00:00+00:00,2024-01-27 04:00:00-05:00,2024-01-27 10:00:00-05:00,7,23.706404999999997,28.148804,2024-01-27 14:00:00+00:00,2024-01-27 09:00:00-05:00,-13.688343428571427,-7.889810500000003,11374.083285714285,12050.103,9.652380952380952,7.966666666666668,11.95,0.0,2.083333333333333,8.647619047619049,0.0
winter_cold_wave_112,2024-01-28 16:00:00+00:00,2024-01-28 21:00:00+00:00,2024-01-28 11:00:00-05:00,2024-01-28 16:00:00-05:00,6,23.944114333333335,24.910327,2024-01-28 17:00:00+00:00,2024-01-28 12:00:00-05:00,-7.5154871666666665,-6.6470780000000005,13381.550833333335,13767.652,8.502777777777778,7.6,9.166666666666666,0.1999999999999999,3.7833333333333337,9.797222222222224,0.0
winter_cold_wave_113,2024-02-18 03:00:00+00:00,2024-02-18 12:00:00+00:00,2024-02-17 22:00:00-05:00,2024-02-18 07:00:00-05:00,10,26.7766861,36.126953,2024-02-18 12:00:00+00:00,2024-02-18 07:00:00-05:00,-0.3082999000000008,2.275018999999997,15790.5468,17034.818,-2.005,-3.25,0.1166666666666666,0.0,4.2,20.305,0.0
winter_cold_wave_114,2024-02-25 07:00:00+00:00,2024-02-25 14:00:00+00:00,2024-02-25 02:00:00-05:00,2024-02-25 09:00:00-05:00,8,28.3513825,38.963153,2024-02-25 12:00:00+00:00,2024-02-25 07:00:00-05:00,-1.5988693125000015,1.656906499999998,14761.12025,15931.496,0.0979166666666666,-1.7666666666666666,1.7666666666666666,0.0,3.35,18.202083333333334,0.0
winter_cold_wave_115,2024-02-29 04:00:00+00:00,2024-03-01 01:00:00+00:00,2024-02-28 23:00:00-05:00,2024-02-29 20:00:00-05:00,22,34.18900090909091,70.76954,2024-02-29 12:00:00+00:00,2024-02-29 07:00:00-05:00,5.401980954545454,32.465488500000006,13668.837318181817,16203.081,5.861363636363635,1.4,10.466666666666669,0.2666666666666665,6.616666666666667,12.438636363636363,0.0
winter_cold_wave_116,2024-03-18 13:00:00+00:00,2024-03-19 09:00:00+00:00,2024-03-18 09:00:00-04:00,2024-03-19 05:00:00-04:00,21,31.282085333333335,59.414913,2024-03-18 23:00:00+00:00,2024-03-18 19:00:00-04:00,1.9557380476190482,19.900087499999998,12886.341952380953,14166.025,7.061111111111111,2.583333333333333,11.5,0.0333333333333333,7.2,11.238888888888889,0.0
winter_cold_wave_117,2024-03-21 14:00:00+00:00,2024-03-22 00:00:00+00:00,2024-03-21 10:00:00-04:00,2024-03-21 20:00:00-04:00,11,29.671772545454544,51.988849,2024-03-21 23:00:00+00:00,2024-03-21 19:00:00-04:00,-1.0641031363636377,14.488674999999994,12656.379909090909,13858.41,9.640909090909092,4.8,13.0,0.0,5.0,8.659090909090908,0.0
winter_cold_wave_118,2024-03-24 06:00:00+00:00,2024-03-24 14:00:00+00:00,2024-03-24 02:00:00-04:00,2024-03-24 10:00:00-04:00,9,27.409931888888885,45.128501,2024-03-24 11:00:00+00:00,2024-03-24 07:00:00-04:00,-5.219453333333334,2.3557380000000023,13808.707777777778,14860.161,2.0555555555555554,0.5666666666666667,4.15,-0.0999999999999996,7.383333333333334,16.244444444444447,0.0
winter_cold_wave_119,2024-12-06 01:00:00+00:00,2024-12-06 14:00:00+00:00,2024-12-05 20:00:00-05:00,2024-12-06 09:00:00-05:00,14,90.01957149999998,226.465106,2024-12-06 12:00:00+00:00,2024-12-06 07:00:00-05:00,59.08496742857142,184.724301,17907.568428571427,19664.833,-2.2273809523809525,-2.966666666666667,-0.8333333333333334,0.0,5.833333333333333,20.527380952380955,0.0
winter_cold_wave_120,2024-12-12 01:00:00+00:00,2024-12-12 18:00:00+00:00,2024-12-11 20:00:00-05:00,2024-12-12 13:00:00-05:00,18,43.50048538888889,92.123827,2024-12-12 12:00:00+00:00,2024-12-12 07:00:00-05:00,12.651841222222222,50.383022000000004,15273.345444444443,17774.378,3.2379629629629627,0.75,7.233333333333333,-0.025,7.619999999999999,15.062037037037037,0.0
winter_cold_wave_121,2024-12-19 21:00:00+00:00,2024-12-20 05:00:00+00:00,2024-12-19 16:00:00-05:00,2024-12-20 00:00:00-05:00,9,34.617738888888894,43.381767,2024-12-19 22:00:00+00:00,2024-12-19 17:00:00-05:00,1.1680339999999998,3.1583189999999988,15601.653555555557,16236.1,5.301851851851851,3.8,7.966666666666666,0.0,3.1666666666666665,12.99814814814815,0.0
winter_cold_wave_122,2024-12-31 02:00:00+00:00,2024-12-31 13:00:00+00:00,2024-12-30 21:00:00-05:00,2024-12-31 08:00:00-05:00,12,21.515528500000002,28.132556,2024-12-31 12:00:00+00:00,2024-12-31 07:00:00-05:00,-8.8355855,-5.338673,13978.661500000002,15600.149,4.465277777777777,2.6833333333333336,8.15,0.0,1.9666666666666668,13.834722222222224,0.0
winter_cold_wave_123,2025-01-20 05:00:00+00:00,2025-01-21 06:00:00+00:00,2025-01-20 00:00:00-05:00,2025-01-21 01:00:00-05:00,26,237.2589993076923,365.743742,2025-01-20 23:00:00+00:00,2025-01-20 18:00:00-05:00,203.6935560192308,324.536476,18959.205076923077,20995.189,-4.496794871794872,-8.716666666666667,-2.2,-0.0499999999999998,6.183333333333334,22.79679487179487,0.0
winter_cold_wave_124,2025-02-01 23:00:00+00:00,2025-02-02 17:00:00+00:00,2025-02-01 18:00:00-05:00,2025-02-02 12:00:00-05:00,19,39.11779894736842,53.991958,2025-02-02 12:00:00+00:00,2025-02-02 07:00:00-05:00,10.07514994736842,15.687906499999997,15770.465684210529,16913.616,1.1105263157894738,-1.2,5.75,0.0,4.033333333333333,17.189473684210526,0.0
winter_cold_wave_125,2025-02-05 05:00:00+00:00,2025-02-05 23:00:00+00:00,2025-02-05 00:00:00-05:00,2025-02-05 18:00:00-05:00,19,44.33026194736842,56.461809,2025-02-05 23:00:00+00:00,2025-02-05 18:00:00-05:00,15.692275894736843,22.779021,15657.603894736845,17450.015,4.008771929824561,3.15,4.7,-0.0333333333333332,3.95,14.29122807017544,0.0
winter_cold_wave_126,2025-02-08 08:00:00+00:00,2025-02-09 00:00:00+00:00,2025-02-08 03:00:00-05:00,2025-02-08 19:00:00-05:00,17,46.98838576470588,54.62145,2025-02-08 16:00:00+00:00,2025-02-08 11:00:00-05:00,17.097697970588236,26.634101,16223.409352941178,17513.298,2.2196078431372546,1.4,3.333333333333333,2.516666666666666,3.45,16.080392156862747,0.0
winter_cold_wave_127,2025-02-17 11:00:00+00:00,2025-02-17 22:00:00+00:00,2025-02-17 06:00:00-05:00,2025-02-17 17:00:00-05:00,12,48.73747875,72.471094,2025-02-17 22:00:00+00:00,2025-02-17 17:00:00-05:00,18.67596433333333,39.963815999999994,15835.758083333332,16910.699,3.2375000000000003,0.0999999999999999,5.916666666666667,0.0,8.333333333333334,15.0625,0.0
winter_cold_wave_128,2025-02-19 16:00:00+00:00,2025-02-20 00:00:00+00:00,2025-02-19 11:00:00-05:00,2025-02-19 19:00:00-05:00,9,126.41903788888891,170.514947,2025-02-19 23:00:00+00:00,2025-02-19 18:00:00-05:00,97.28642044444445,133.6118275,21169.121999999996,21417.725,-5.003703703703703,-5.45,-4.616666666666666,1.3966666666666665,3.95,23.303703703703704,0.0
winter_cold_wave_129,2025-03-02 03:00:00+00:00,2025-03-02 23:00:00+00:00,2025-03-01 22:00:00-05:00,2025-03-02 18:00:00-05:00,21,52.69008242857142,89.937081,2025-03-02 23:00:00+00:00,2025-03-02 18:00:00-05:00,22.84040742857143,57.74186300000001,15317.005666666664,17362.537,0.33412698412698416,-4.3500000000000005,5.1,-0.0999999999999996,8.5,17.965873015873015,0.0
winter_cold_wave_130,2025-03-06 10:00:00+00:00,2025-03-07 09:00:00+00:00,2025-03-06 05:00:00-05:00,2025-03-07 04:00:00-05:00,24,54.96429020833333,88.812276,2025-03-07 00:00:00+00:00,2025-03-06 19:00:00-05:00,24.290479416666667,49.2974505,14914.418375,16421.302,5.825555555555556,2.5,8.433333333333334,0.023333333333333397,9.016666666666667,12.474444444444444,0.0
winter_cold_wave_131,2025-03-13 14:00:00+00:00,2025-03-13 19:00:00+00:00,2025-03-13 10:00:00-04:00,2025-03-13 15:00:00-04:00,6,40.9113975,47.487137,2025-03-13 14:00:00+00:00,2025-03-13 10:00:00-04:00,11.85471633333333,15.709149,13848.044666666668,14716.638,10.180555555555555,7.683333333333334,12.583333333333334,-0.0499999999999998,3.6666666666666665,8.33611111111111,0.2166666666666666
winter_cold_wave_132,2025-03-17 12:00:00+00:00,2025-03-18 12:00:00+00:00,2025-03-17 08:00:00-04:00,2025-03-18 08:00:00-04:00,25,56.24910024,171.312888,2025-03-18 11:00:00+00:00,2025-03-18 07:00:00-04:00,25.3158242,128.540125,13814.88784,16615.832,8.714,4.433333333333333,13.066666666666668,-0.09999999999999981,8.166666666666666,9.586000000000002,0.0
